time,latitude,longitude,depth,mag,magType,nst,gap,dmin,rms,net,id,updated,place,type,horizontalError,depthError,magError,magNst,status,locationSource,magSource
2019-07-04T01:53:34.442Z,55.9802,-149.7502,0.7,3.1,ml,,,,0.67,ak,ak0198hzc847,2019-07-04T01:58:08.497Z,"258km SE of Kodiak, Alaska",earthquake,,206.5,,,automatic,ak,ak
2019-07-04T00:12:12.416Z,-19.336,-69.4402,106.45,4.3,mb,,100,0.404,1.03,us,us700049pz,2019-07-04T00:27:53.040Z,"122km NE of Iquique, Chile",earthquake,3.5,6,0.133,16,reviewed,us,us
2019-07-04T00:01:54.595Z,-31.8427,-69.5458,117.86,4.4,mb,,68,0.791,0.88,us,us700049pt,2019-07-04T00:56:35.040Z,"58km SSW of Calingasta, Argentina",earthquake,5.6,4.6,0.19,8,reviewed,us,us
2019-07-03T22:57:58.395Z,-23.7023,179.9458,569.13,4.5,mb,,124,12.553,0.63,us,us700049p8,2019-07-03T23:14:29.040Z,"South of the Fiji Islands",earthquake,14,8.5,0.082,44,reviewed,us,us
2019-07-03T22:47:02.491Z,69.2181,-144.628,14,2.8,ml,,,,0.89,ak,ak0198go9gx9,2019-07-04T01:07:29.040Z,"109km SSW of Kaktovik, Alaska",earthquake,,0.7,,,automatic,ak,ak
2019-07-03T22:42:35.434Z,44.5362,-128.7848,10,3.7,mb,,207,3.498,0.78,us,us700049ns,2019-07-03T23:19:18.040Z,"Off the coast of Oregon",earthquake,6.3,2,0.19,7,reviewed,us,us
2019-07-03T22:34:45.015Z,60.3011,-151.3211,46.8,2.9,ml,,,,0.62,ak,ak0198go6ryi,2019-07-04T00:01:18.791Z,"7km S of Cohoe, Alaska",earthquake,,1,,,automatic,ak,ak
2019-07-03T22:32:31.692Z,44.4873,-128.9323,10,4.1,mb,,216,3.592,0.76,us,us700049nv,2019-07-03T23:44:19.040Z,"Off the coast of Oregon",earthquake,5.7,2,0.157,11,reviewed,us,us
2019-07-03T22:29:26.084Z,60.33,-151.3099,59.4,4.7,ml,,,,0.86,ak,ak0198go5nyc,2019-07-04T01:52:31.417Z,"4km S of Cohoe, Alaska",earthquake,,0.3,,,reviewed,ak,ak
2019-07-03T20:11:33.567Z,69.1528,-147.8031,35,2.8,ml,,,,0.96,ak,ak0198gmuyo7,2019-07-03T20:23:55.900Z,"124km S of Prudhoe Bay, Alaska",earthquake,,0.3,,,automatic,ak,ak
2019-07-03T20:11:13.667Z,69.1437,-144.644,13.1,3.4,ml,,,,0.61,ak,ak0198gmuwzo,2019-07-04T01:54:46.188Z,"117km SSW of Kaktovik, Alaska",earthquake,,0.2,,,reviewed,ak,ak
2019-07-03T19:32:29.341Z,32.8994,91.956,38.63,4.2,mb,,133,3.264,0.68,us,us700049k6,2019-07-03T20:42:38.040Z,"68km NNE of Pagnag, China",earthquake,12.1,8.9,0.112,22,reviewed,us,us
2019-07-03T19:06:03.899Z,56.1595,163.9419,10,4.9,mb,,113,4.398,0.77,us,us700049jc,2019-07-03T20:32:01.040Z,"91km E of Ust'-Kamchatsk Staryy, Russia",earthquake,9.7,1.8,0.027,444,reviewed,us,us
2019-07-03T18:40:29.670Z,46.867,-112.5251667,13.23,2.87,ml,18,102,0.126,0.13,mb,mb80350679,2019-07-03T19:43:30.230Z,"15km SE of Lincoln, Montana",earthquake,0.33,0.74,0.211,26,reviewed,mb,mb
2019-07-03T18:23:22.458Z,-22.2589,-179.4504,574.55,4.5,mb,,70,5.067,1.19,us,us700049ja,2019-07-03T20:48:13.040Z,"194km SSW of Ndoi Island, Fiji",earthquake,14.1,8.4,0.091,35,reviewed,us,us
2019-07-03T17:47:21.810Z,18.5878,-64.5295,106,3.18,md,4,345,1.3925,0.19,pr,pr2019184009,2019-07-03T18:54:03.359Z,"21km NNE of Road Town, British Virgin Islands",earthquake,7.75,8.98,0.18,4,reviewed,pr,pr
2019-07-03T17:41:14.498Z,61.1594,-152.5817,9.9,2.6,ml,,,,0.73,ak,ak0198gl91fd,2019-07-03T21:47:51.130Z,"93km N of Redoubt Volcano, Alaska",earthquake,,0.4,,,automatic,ak,ak
2019-07-03T17:15:54.242Z,69.1847,-144.6349,1.3,2.6,ml,,,,0.85,ak,ak0198gl3k3c,2019-07-03T17:22:27.747Z,"112km SSW of Kaktovik, Alaska",earthquake,,0.6,,,automatic,ak,ak
2019-07-03T15:31:44.691Z,69.1349,-144.6641,11.3,2.5,ml,,,,0.64,ak,ak0198gk03lk,2019-07-03T21:01:38.040Z,"117km NNE of Arctic Village, Alaska",earthquake,,0.3,,,reviewed,ak,ak
2019-07-03T15:15:19.694Z,44.3876,-129.1115,10,4.1,mb,,220,3.703,0.86,us,us700049b3,2019-07-03T20:54:52.040Z,"Off the coast of Oregon",earthquake,11.2,2,0.123,18,reviewed,us,us
2019-07-03T14:56:01.286Z,60.0476,-139.7184,7.6,2.5,ml,,,,1,ak,ak0198gjju9u,2019-07-03T19:01:49.335Z,"55km N of Yakutat, Alaska",ice quake,,0.2,,,automatic,ak,ak
2019-07-03T13:17:24.430Z,41.3181667,-126.7893333,9.62,3.12,md,15,306,2.04,0.13,nc,nc73205546,2019-07-04T00:01:02.999Z,"221km WSW of Crescent City, CA",earthquake,1.25,31.61,0.186,23,reviewed,nc,nc
2019-07-03T12:37:52.493Z,62.1487,-147.9198,19.1,2.7,ml,,,,0.74,ak,ak0198gi93o7,2019-07-03T22:53:27.911Z,"62km NE of Sutton-Alpine, Alaska",earthquake,,0.4,,,automatic,ak,ak
2019-07-03T12:20:06.315Z,69.1453,-144.6488,7.6,2.7,ml,,,,0.67,ak,ak0198gi5cy8,2019-07-03T18:52:54.519Z,"109km SSW of Kaktovik, Alaska",earthquake,,0.3,,,reviewed,ak,ak
2019-07-03T11:25:30.666Z,69.1333,-144.7122,0.8,2.6,ml,,,,0.86,ak,ak0198ghl1rb,2019-07-03T11:31:56.348Z,"117km NNE of Arctic Village, Alaska",earthquake,,0.3,,,automatic,ak,ak
2019-07-03T11:16:43.570Z,18.1761,-67.224,125,2.65,md,15,164,0.1382,0.1,pr,pr2019184006,2019-07-03T11:45:35.040Z,"10km W of Mayaguez, Puerto Rico",earthquake,1.08,0.55,0.27,11,reviewed,pr,pr
2019-07-03T10:49:02.794Z,69.0573,-144.4736,0,2.6,ml,,,,0.92,ak,ak0198gh4p82,2019-07-03T11:22:41.040Z,"116km SSW of Kaktovik, Alaska",earthquake,,0.4,,,automatic,ak,ak
2019-07-03T10:36:03.931Z,55.2299,-134.5404,10,3.9,ml,,,,0.84,ak,ak0198gh1tla,2019-07-03T18:12:03.040Z,"92km WSW of Craig, Alaska",earthquake,,0.8,,,automatic,ak,ak
2019-07-03T10:13:26.896Z,15.6571,-90.9922,10,4.2,mb,,80,0.596,0.59,us,us70004970,2019-07-03T10:38:03.040Z,"18km SE of San Luis Ixcan, Guatemala",earthquake,5,2,0.084,39,reviewed,us,us
2019-07-03T09:47:39.771Z,54.0538,-162.5229,36.02,4.4,mb,,160,1.674,1.08,us,us7000496l,2019-07-03T18:37:07.321Z,"105km SSE of False Pass, Alaska",earthquake,7.4,9.1,0.07,60,reviewed,us,us
2019-07-03T09:39:50.090Z,19.5993,-65.389,53,3.43,md,13,328,1.4654,0.47,pr,pr2019184004,2019-07-03T11:07:01.040Z,"145km NNW of Charlotte Amalie, U.S. Virgin Islands",earthquake,4.3,18.94,0.41,10,reviewed,pr,pr
2019-07-03T09:39:27.098Z,12.5578,-87.671,81.22,4.7,mb,,147,0.649,0.86,us,us7000496i,2019-07-03T17:42:03.353Z,"31km SW of Jiquilillo, Nicaragua",earthquake,5.2,6.8,0.027,407,reviewed,us,us
2019-07-03T09:07:40.838Z,69.2254,-144.5837,1,3.3,ml,,,,0.61,ak,ak0198ggac7v,2019-07-03T10:23:55.040Z,"107km SSW of Kaktovik, Alaska",earthquake,,7.4,,,automatic,ak,ak
2019-07-03T09:07:04.966Z,69.167,-144.6074,7.2,2.7,ml,,,,0.54,ak,ak0198gga9yt,2019-07-03T17:51:02.157Z,"116km SSW of Kaktovik, Alaska",earthquake,,0.3,,,reviewed,ak,ak
2019-07-03T08:38:48.650Z,19.5653,-65.4086,34,3.72,md,17,317,1.4261,0.44,pr,pr2019184003,2019-07-03T10:49:39.268Z,"133km NNE of Vieques, Puerto Rico",earthquake,2.81,27.9,0.29,10,reviewed,pr,pr
2019-07-03T08:32:24.475Z,-56.1711,-26.7736,51.36,5,mb,,92,5.872,0.56,us,us70004956,2019-07-03T08:48:48.040Z,"64km NNE of Visokoi Island, South Georgia and the South Sandwich Islands",earthquake,6.8,8.3,0.091,39,reviewed,us,us
2019-07-03T08:24:41.708Z,69.0307,-144.7451,0,2.6,ml,,,,0.98,ak,ak0198gfsk3b,2019-07-03T08:31:07.658Z,"105km NNE of Arctic Village, Alaska",earthquake,,0.5,,,automatic,ak,ak
2019-07-03T08:21:32.450Z,17.765,-68.623,147,3.5,md,11,337,1.3007,0.49,pr,pr2019184005,2019-07-03T10:50:13.476Z,"67km S of Boca de Yuma, Dominican Republic",earthquake,7.56,5.85,0.13,9,reviewed,pr,pr
2019-07-03T08:03:47.004Z,69.1793,-144.6223,3.7,2.7,ml,,,,0.88,ak,ak0198gfo2hy,2019-07-03T08:15:14.245Z,"113km SSW of Kaktovik, Alaska",earthquake,,0.9,,,automatic,ak,ak
2019-07-03T08:01:33.410Z,36.4338333,-90.9721667,2,2.46,md,25,142,0.3917,0.32,nm,nm60279971,2019-07-03T21:08:16.471Z,"19km N of Pocahontas, Arkansas",earthquake,0.66,2.46,0.068,11,reviewed,nm,nm
2019-07-03T07:40:08.754Z,6.8479,-73.1081,150.8,4.5,mb,,63,0.949,1.09,us,us7000494j,2019-07-03T07:55:06.040Z,"16km SSW of Piedecuesta, Colombia",earthquake,8.4,6.6,0.035,247,reviewed,us,us
2019-07-03T06:59:35.187Z,68.9733,-144.8234,0,3.2,ml,,,,0.81,ak,ak0198get6ms,2019-07-03T07:04:17.761Z,"98km NNE of Arctic Village, Alaska",earthquake,,0.7,,,automatic,ak,ak
2019-07-03T06:34:14.426Z,69.3394,-144.352,29.9,2.8,ml,,,,1.06,ak,ak0198genry8,2019-07-03T06:39:00.319Z,"92km SSW of Kaktovik, Alaska",earthquake,,1.5,,,automatic,ak,ak
2019-07-03T06:09:36.799Z,16.9685,-99.6844,35,4.6,mb,,180,1.22,1.15,us,us7000493e,2019-07-03T18:31:05.334Z,"19km SE of Xaltianguis, Mexico",earthquake,3.5,2,0.027,401,reviewed,us,us
2019-07-03T05:53:17.950Z,69.1347,-144.6999,3.3,3,ml,,,,0.75,ak,ak0198ge6f8f,2019-07-03T06:00:19.538Z,"117km NNE of Arctic Village, Alaska",earthquake,,2.7,,,automatic,ak,ak
2019-07-03T05:32:01.390Z,69.1326,-144.5462,23.7,2.9,ml,,,,1.15,ak,ak0198ge1vwr,2019-07-03T05:44:56.221Z,"117km SSW of Kaktovik, Alaska",earthquake,,4,,,automatic,ak,ak
2019-07-03T04:58:58.040Z,69.0995,-144.6943,21.2,4.6,ml,,,,1.19,ak,ak0198gdmarg,2019-07-03T18:16:07.040Z,"110km SSW of Kaktovik, Alaska",earthquake,,4,,,reviewed,ak,ak
2019-07-03T04:38:24.538Z,69.19,-144.7452,20.9,5.3,mww,,,,1.02,ak,ak0198gdhuwa,2019-07-03T18:09:18.040Z,"114km SSW of Kaktovik, Alaska",earthquake,,3.6,,,reviewed,ak,ak
2019-07-03T04:26:54.986Z,28.442,104.977,10,4.9,mb,,36,7.152,0.76,us,us7000492k,2019-07-03T05:32:57.421Z,"16km SSE of Changning, China",earthquake,8.4,1.8,0.054,109,reviewed,us,us
2019-07-03T03:45:28.017Z,-22.1741,-179.4992,574.23,5.8,mww,,33,4.971,1.12,us,us7000492b,2019-07-03T17:25:08.040Z,"187km SSW of Ndoi Island, Fiji",earthquake,5,5.9,0.069,20,reviewed,us,us
2019-07-03T03:04:05.260Z,38.8395,-122.8228333,2.22,3.18,ml,76,37,,0.08,nc,nc73205136,2019-07-03T21:10:04.382Z,"9km WNW of Cobb, CA",earthquake,0.12,0.18,0.219,65,reviewed,nc,nc
2019-07-03T02:53:57.759Z,35.985,-96.81916667,5.77,2.7,ml,94,68,0,0.22,ok,ok2019mwou,2019-07-03T16:59:12.777Z,"3km WSW of Cushing, Oklahoma",earthquake,,0.4,0.23,39,reviewed,ok,ok
2019-07-03T01:13:20.099Z,65.8437,-166.3722,32.1,4.1,ml,,,,0.65,ak,ak0198gbkbu4,2019-07-03T22:34:22.719Z,"41km SSW of Shishmaref, Alaska",earthquake,,0.7,,,reviewed,ak,ak
2019-07-03T01:02:11.392Z,35.0097,27.9033,28.79,4.6,mb,,116,1.214,0.97,us,us7000491h,2019-07-03T05:25:28.040Z,"83km SE of Karpathos, Greece",earthquake,7.9,6.1,0.068,64,reviewed,us,us
2019-07-03T00:55:10.703Z,15.6507,-90.9774,10,4.5,mb,,84,0.604,0.81,us,us7000491e,2019-07-03T01:44:09.040Z,"19km NNE of Chajul, Guatemala",earthquake,16,2,0.044,155,reviewed,us,us
2019-07-02T22:40:56.360Z,35.0503333,-118.936,8.74,3.44,ml,89,28,0.1157,0.22,ci,ci38441215,2019-07-03T19:30:57.831Z,"12km N of Grapevine, CA",earthquake,0.14,0.42,0.182,172,reviewed,ci,ci
2019-07-02T22:22:52.090Z,35.0563333,-118.936,5.14,2.83,ml,56,40,0.1118,0.24,ci,ci38441167,2019-07-03T17:02:05.520Z,"13km N of Grapevine, CA",earthquake,0.19,1.03,0.196,74,reviewed,ci,ci
2019-07-02T22:21:12.300Z,36.09,-97.46133333,4.13,2.46,ml,90,21,0,0.2,ok,ok2019mwfu,2019-07-03T13:17:26.672Z,"18km NE of Crescent, Oklahoma",earthquake,,0.5,0.17,32,reviewed,ok,ok
2019-07-02T22:21:08.620Z,35.0513333,-118.9368333,7.73,3.35,ml,94,28,0.1155,0.24,ci,ci38441151,2019-07-03T14:36:01.990Z,"12km N of Grapevine, CA",earthquake,0.14,0.63,0.154,188,reviewed,ci,ci
2019-07-02T22:12:07.590Z,35.0518333,-118.9376667,8.45,2.52,ml,57,40,0.1157,0.21,ci,ci38441127,2019-07-03T18:53:34.220Z,"12km N of Grapevine, CA",earthquake,0.18,0.59,0.139,26,reviewed,ci,ci
2019-07-02T22:03:21.140Z,35.0523333,-118.9358333,8.3,2.75,ml,61,40,0.1143,0.23,ci,ci38441111,2019-07-03T00:18:30.610Z,"12km N of Grapevine, CA",earthquake,0.19,0.65,0.122,25,reviewed,ci,ci
2019-07-02T21:34:45.815Z,36.5631,70.8492,186.18,4.2,mb,,79,1.162,0.65,us,us700048y9,2019-07-02T21:51:51.040Z,"33km S of Jarm, Afghanistan",earthquake,7.8,6.5,0.159,11,reviewed,us,us
2019-07-02T20:39:03.960Z,59.0971,-152.4142,58.7,4,ml,,,,0.79,ak,ak0198ezhjln,2019-07-03T18:46:57.040Z,"78km SW of Homer, Alaska",earthquake,,0.4,,,reviewed,ak,ak
2019-07-02T19:51:46.470Z,-43.6772,123.8879,10,5.5,mww,,41,11.93,0.79,us,us700048vu,2019-07-03T19:55:44.244Z,"South of Australia",earthquake,9.6,1.7,0.073,18,reviewed,us,us
2019-07-02T19:30:01.089Z,59.2624,-152.0597,54.6,4.6,ml,,,,0.82,ak,ak0198eyu6cj,2019-07-03T17:40:45.040Z,"51km SW of Homer, Alaska",earthquake,,0.3,,,reviewed,ak,ak
2019-07-02T19:03:50.197Z,66.2826,-157.4809,11.5,2.7,ml,,,,0.82,ak,ak0198eyohrv,2019-07-03T17:18:43.040Z,"72km S of Kobuk, Alaska",earthquake,,0.6,,,automatic,ak,ak
2019-07-02T18:24:54.856Z,66.2964,-156.9305,0,3.2,ml,,,,0.92,ak,ak0198ey7klj,2019-07-03T17:04:21.040Z,"68km S of Kobuk, Alaska",earthquake,,0.6,,,automatic,ak,ak
2019-07-02T18:17:07.534Z,66.2753,-157.1918,7,4.4,ml,,,,0.52,ak,ak0198ey5yyy,2019-07-03T17:01:16.040Z,"71km S of Kobuk, Alaska",earthquake,,0.2,,,reviewed,ak,ak
2019-07-02T18:08:41.316Z,-31.3513,-179.9631,323.59,4.1,mb,,118,6.358,0.67,us,us700048tb,2019-07-03T16:33:38.040Z,"101km W of L'Esperance Rock, New Zealand",earthquake,12.9,9.1,0.114,24,reviewed,us,us
2019-07-02T17:48:42.790Z,36.5106667,-120.767,8.55,2.87,md,86,46,0.1535,0.1,nc,nc73204921,2019-07-03T04:04:02.483Z,"13km NW of New Idria, CA",earthquake,0.12,0.28,0.183,99,reviewed,nc,nc
2019-07-02T15:17:56.403Z,-30.6002,-71.4077,34.93,4,ml,,97,0.209,0.66,us,us700048ni,2019-07-02T15:38:26.040Z,"19km W of Ovalle, Chile",earthquake,3.9,11.7,0.052,48,reviewed,us,us
2019-07-02T14:57:28.692Z,-24.087,-66.8672,244.01,4.1,ml,,230,1.651,0.2,us,us700048n9,2019-07-02T15:26:06.040Z,"57km WNW of San Antonio de los Cobres, Argentina",earthquake,9,19.9,0.062,34,reviewed,us,us
2019-07-02T14:53:12.242Z,-6.5986,143.0945,10,5.1,mb,,75,7.313,0.6,us,us700048mu,2019-07-02T16:05:38.485Z,"77km SW of Mendi, Papua New Guinea",earthquake,5.7,1.9,0.052,118,reviewed,us,us
2019-07-02T12:57:13.196Z,41.136,-116.6104,6,3,ml,15,124.6,0.207,0.1158,nn,nn00689012,2019-07-02T17:15:02.243Z,"61km NNE of Battle Mountain, Nevada",earthquake,,1.6,0.18,10,reviewed,nn,nn
2019-07-02T11:33:08.039Z,61.6769,-150.0607,44.9,3.2,ml,,,,0.58,ak,ak0198eu3d87,2019-07-03T11:35:14.137Z,"7km S of Willow, Alaska",earthquake,,0.2,,,reviewed,ak,ak
2019-07-02T09:44:33.453Z,-1.5079,67.5879,10,5.8,mww,,75,5.76,0.9,us,us700048k3,2019-07-03T17:30:13.040Z,"Carlsberg Ridge",earthquake,9.5,1.9,0.073,18,reviewed,us,us
2019-07-02T08:00:15.054Z,-11.5097,166.3839,54.26,5.6,mww,,48,6.656,0.93,us,us700048j0,2019-07-03T17:40:07.040Z,"106km SE of Lata, Solomon Islands",earthquake,6.5,6.6,0.057,30,reviewed,us,us
2019-07-02T07:55:33.715Z,57.8946,-156.3906,137.2,2.5,ml,,,,0.51,ak,ak0198eruej6,2019-07-02T08:02:26.010Z,"89km S of King Salmon, Alaska",earthquake,,0.6,,,automatic,ak,ak
2019-07-02T07:37:15.690Z,19.3021667,-155.213,7.81,3.73,ml,67,107,,0.13,hv,hv71019711,2019-07-03T08:34:06.096Z,"14km S of Volcano, Hawaii",earthquake,0.23,0.2,0.18,41,reviewed,hv,hv
2019-07-02T07:34:46.020Z,18.4771,-68.2345,128,2.84,md,7,336,0.761,0.39,pr,pr2019183003,2019-07-02T12:10:29.792Z,"21km ESE of Punta Cana, Dominican Republic",earthquake,7.38,3.26,0.34,6,reviewed,pr,pr
2019-07-02T04:24:55.565Z,-31.3227,-177.5407,10,4.8,mb,,105,2.097,0.44,us,us700048ib,2019-07-02T05:33:06.040Z,"129km E of L'Esperance Rock, New Zealand",earthquake,12.2,1.9,0.07,64,reviewed,us,us
2019-07-02T04:07:14.730Z,-31.2586,-175.4206,10,5.2,mb,,107,2.956,0.93,us,us700048hx,2019-07-02T04:22:54.040Z,"Kermadec Islands region",earthquake,11.4,2,0.131,19,reviewed,us,us
2019-07-02T02:36:40.650Z,19.4716667,-155.4496667,0.22,2.79,ml,58,42,0.05821,0.14,hv,hv71019281,2019-07-02T10:39:19.597Z,"22km WNW of Volcano, Hawaii",earthquake,0.23,0.42,0.15,34,reviewed,hv,hv
2019-07-02T00:47:36.530Z,-17.9667,-178.3443,623.47,4.3,mb,,122,3.438,0.67,us,us700048h3,2019-07-02T01:06:49.040Z,"296km SE of Lambasa, Fiji",earthquake,15.8,10.3,0.102,27,reviewed,us,us
2019-07-02T00:13:50.276Z,29.4917,51.4783,10,4.1,mb,,71,6.18,0.68,us,us700048gw,2019-07-02T18:09:49.567Z,"22km SW of Kazerun, Iran",earthquake,9.1,1.9,0.088,35,reviewed,us,us
2019-07-02T00:06:35.573Z,33.7023,137.2224,354.61,4.3,mb,,30,1.257,0.56,us,us700048gr,2019-07-02T00:34:08.040Z,"93km SSE of Toba, Japan",earthquake,8.4,6.4,0.029,349,reviewed,us,us
2019-07-01T23:54:19.147Z,4.6734,94.4328,34.24,4.4,mb,,166,2.565,0.49,us,us700048gp,2019-07-02T00:12:09.040Z,"138km SW of Banda Aceh, Indonesia",earthquake,7.8,7.1,0.114,22,reviewed,us,us
2019-07-01T23:39:19.890Z,18.8215,-65.8393,8,2.79,md,13,298,0.5677,0.43,pr,pr2019182014,2019-07-02T03:18:34.171Z,"43km N of Vieques, Puerto Rico",earthquake,1.63,1.64,0.32,13,reviewed,pr,pr
2019-07-01T23:36:38.271Z,-20.6097,-173.4869,10,4.9,mb,,114,3.681,1.37,us,us700048gv,2019-07-02T01:23:09.040Z,"127km SE of Pangai, Tonga",earthquake,8.8,1.9,0.097,33,reviewed,us,us
2019-07-01T23:10:34.320Z,61.2191,-146.8976,14.6,3.7,ml,,,,0.6,ak,ak0198ddkciq,2019-07-02T23:04:39.026Z,"31km WNW of Valdez, Alaska",earthquake,,0.2,,,reviewed,ak,ak
2019-07-01T22:58:09.098Z,2.2594,96.168,22.99,4.8,mb,,166,1.697,0.7,us,us700048g4,2019-07-01T23:52:00.040Z,"33km SW of Sinabang, Indonesia",earthquake,8.7,6.2,0.07,63,reviewed,us,us
2019-07-01T22:17:01.842Z,66.3593,-157.4993,12.6,2.8,ml,,,,0.78,ak,ak0198dd0cfj,2019-07-01T23:41:55.040Z,"66km SSW of Kobuk, Alaska",earthquake,,0.6,,,automatic,ak,ak
2019-07-01T21:47:30.520Z,19.0888329,-155.4506683,40.77,2.51,md,25,186,0.06711,0.11,hv,hv71018961,2019-07-01T23:33:52.040Z,"13km SSE of Pahala, Hawaii",earthquake,0.89,1.5,0.22,9,automatic,hv,hv
2019-07-01T21:17:00.670Z,35.4838333,-120.0171667,9.86,2.66,ml,43,51,0.06336,0.24,ci,ci38439583,2019-07-02T21:49:44.757Z,"15km N of Simmler, CA",earthquake,0.31,0.57,0.144,24,reviewed,ci,ci
2019-07-01T21:00:54.526Z,-21.2669,-173.7684,10,4.9,mb,,88,4.215,1.3,us,us700048c2,2019-07-01T22:28:43.040Z,"122km E of `Ohonua, Tonga",earthquake,15,1.9,0.11,26,reviewed,us,us
2019-07-01T20:42:45.494Z,59.8004,-153.5698,120.5,2.7,ml,,,,0.73,ak,ak0198dbyxg7,2019-07-01T20:52:14.157Z,"75km E of Old Iliamna, Alaska",earthquake,,0.3,,,automatic,ak,ak
2019-07-01T20:39:50.663Z,-7.4036,128.4684,138.63,5,mww,,27,2.863,0.95,us,us700048ay,2019-07-01T20:58:40.040Z,"Kepulauan Barat Daya, Indonesia",earthquake,7.3,6.3,0.066,22,reviewed,us,us
2019-07-01T20:29:36.510Z,18.3918,-68.134,101,2.91,md,11,194,0.6549,0.31,pr,pr2019182012,2019-07-01T23:14:10.381Z,"35km SE of Punta Cana, Dominican Republic",earthquake,2.94,1.93,0.36,8,reviewed,pr,pr
2019-07-01T20:21:14.020Z,19.0993328,-155.4388275,42.05,2.5,ml,51,185,0.05997,0.17,hv,hv71018816,2019-07-01T20:26:53.860Z,"12km SSE of Pahala, Hawaii",earthquake,0.7,0.95,0.18,4,automatic,hv,hv
2019-07-01T20:16:16.420Z,19.1240005,-155.4904938,44.93,2.45,md,24,166,0.04118,0.12,hv,hv71018801,2019-07-01T20:19:31.110Z,"9km S of Pahala, Hawaii",earthquake,1.28,1.2,0.16,5,automatic,hv,hv
2019-07-01T19:56:54.716Z,-30.6063,-177.9367,10,5.2,mb,,70,1.356,1.27,us,us70004895,2019-07-01T20:22:46.040Z,"129km NE of L'Esperance Rock, New Zealand",earthquake,8.5,1.8,0.05,130,reviewed,us,us
2019-07-01T19:44:54.000Z,18.0153,-65.4196,20,2.86,md,15,331,0.4476,0.78,pr,pr2019182015,2019-07-02T06:09:11.847Z,"10km SSE of Esperanza, Puerto Rico",earthquake,6.86,65.58,0.36,13,reviewed,pr,pr
2019-07-01T19:38:06.150Z,32.2437,48.9773,10,4.4,mb,,63,3.947,0.97,us,us7000488s,2019-07-01T20:27:30.040Z,"24km NNE of Shushtar, Iran",earthquake,7.9,1.9,0.085,40,reviewed,us,us
2019-07-01T18:11:29.298Z,59.7592,-136.5741,10,2.5,ml,,84,0.604,0.74,us,us7000486i,2019-07-01T20:07:04.040Z,"78km WNW of Skagway, Alaska",earthquake,4.7,2,,,reviewed,us,ak
2019-07-01T17:13:29.289Z,-15.461,167.5171,99.91,6,mww,,53,6.653,1.11,us,us70004840,2019-07-02T17:16:09.253Z,"38km ENE of Luganville, Vanuatu",earthquake,7.6,4.7,0.048,41,reviewed,us,us
2019-07-01T16:59:26.445Z,9.1883,124.2001,549.22,5.9,mww,,24,2.508,0.91,us,us7000483i,2019-07-02T17:02:01.309Z,"46km S of Valencia, Philippines",earthquake,9.4,3.5,0.04,59,reviewed,us,us
2019-07-01T16:35:15.657Z,39.3373,-99.4517,5,2.5,mb_lg,,75,0.567,0.36,us,us700048g2,2019-07-02T19:09:40.722Z,"17km NW of Plainville, Kansas",earthquake,2.9,2,0.082,39,reviewed,us,us
2019-07-01T16:24:36.840Z,19.6143,-66.4285,29,2.93,md,12,299,1.1416,0.27,pr,pr2019182010,2019-07-01T18:22:44.040Z,"124km N of Brenas, Puerto Rico",earthquake,1.39,18.79,0.39,10,reviewed,pr,pr
2019-07-01T15:53:07.220Z,19.5758,-66.2736,47,3.04,md,5,327,1.3196,0.12,pr,pr2019182011,2019-07-01T19:48:40.040Z,"110km N of Brenas, Puerto Rico",earthquake,1.77,9.09,0.18,5,reviewed,pr,pr
2019-07-01T15:20:29.300Z,44.5743333,-114.2958333,11.46,2.59,ml,20,74,0.688,0.24,mb,mb80350344,2019-07-01T18:31:55.354Z,"9km NNW of Challis, Idaho",earthquake,0.5,1.68,0.267,21,reviewed,mb,mb
2019-07-01T14:47:50.266Z,-20.7316,-178.4633,551.18,4.3,mb,,134,4.433,0.68,us,us7000481f,2019-07-01T19:53:10.040Z,"26km ESE of Ndoi Island, Fiji",earthquake,15.5,9.5,0.078,47,reviewed,us,us
2019-07-01T14:19:25.008Z,-21.5245,-173.8601,10,4.9,mb,,95,4.422,1.38,us,us70004813,2019-07-01T15:11:04.040Z,"114km E of `Ohonua, Tonga",earthquake,10.3,1.9,0.09,39,reviewed,us,us
2019-07-01T13:10:20.679Z,36.7986,71.1391,98.89,4.5,mb,,77,0.84,0.46,us,us70004805,2019-07-01T19:50:51.040Z,"28km ESE of Jarm, Afghanistan",earthquake,6.6,6.2,0.15,13,reviewed,us,us
2019-07-01T12:24:06.796Z,8.5292,-82.774,32.2,4.4,mb,,155,0.276,0.72,us,us700047zp,2019-07-02T01:48:39.056Z,"5km NNE of Aserrio de Gariche, Panama",earthquake,7.8,7,0.117,21,reviewed,us,us
2019-07-01T12:21:38.820Z,18.5896,-68.7385,128,3.21,md,15,219,0.8322,0.66,pr,pr2019182007,2019-07-01T12:46:51.780Z,"4km SW of Salvaleon de Higuey, Dominican Republic",earthquake,8.01,3.23,0.4,11,reviewed,pr,pr
2019-07-01T09:20:32.646Z,-1.8195,120.6583,49.01,4.6,mb,,88,2.249,0.65,us,us700047yr,2019-07-01T11:42:06.040Z,"28km N of Pendolo, Indonesia",earthquake,8.4,6.7,0.129,18,reviewed,us,us
2019-07-01T08:48:49.489Z,58.5296,-151.4407,17,3.3,ml,,,,0.95,ak,ak0198d4v0tf,2019-07-01T08:56:09.523Z,"100km NE of Kodiak, Alaska",earthquake,,0.6,,,automatic,ak,ak
2019-07-01T08:28:53.627Z,-26.4137,30.6209,10,3.6,mb_lg,,219,4.741,1.32,us,us700048cz,2019-07-02T12:57:37.691Z,"39km W of Mhlambanyatsi, Swaziland",earthquake,12.6,2,0.154,11,reviewed,us,us
2019-07-01T08:14:22.239Z,35.1345,-95.33733333,7,2.46,ml,38,138,0.8530326059,0.19,ok,ok2019mtij,2019-07-02T13:42:40.292Z,"3km ENE of Quinton, Oklahoma",earthquake,,1.5,0.22,7,reviewed,ok,ok
2019-07-01T07:51:27.808Z,-56.3621,-26.5944,35,4.8,mb,,84,6.019,0.73,us,us700047xj,2019-07-01T08:40:27.040Z,"52km NE of Visokoi Island, South Georgia and the South Sandwich Islands",earthquake,12.1,2,0.122,21,reviewed,us,us
2019-07-01T06:54:24.260Z,19.6851,-65.2591,47,3.59,md,13,325,1.6042,0.4,pr,pr2019182004,2019-07-02T10:54:45.040Z,"153km NNW of Charlotte Amalie, U.S. Virgin Islands",earthquake,3.87,22.32,0.39,11,reviewed,pr,pr
2019-07-01T05:33:07.159Z,10.4738,-86.0743,10,4.5,mb,,131,1.118,0.44,us,us700047w7,2019-07-02T13:17:44.485Z,"46km W of Sardinal, Costa Rica",earthquake,6.5,1.9,0.045,142,reviewed,us,us
2019-07-01T05:04:20.000Z,36.333,-97.521,7.82,2.47,ml,101,29,0,0.2,ok,ok2019mtcc,2019-07-02T10:47:08.040Z,"21km WNW of Perry, Oklahoma",earthquake,,0.5,0.2,42,reviewed,ok,ok
2019-07-01T04:57:54.086Z,10.4849,-86.0471,21.28,4.4,mb,,175,1.094,1.1,us,us700047vw,2019-07-03T04:48:26.040Z,"43km W of Sardinal, Costa Rica",earthquake,7.8,7.8,0.053,102,reviewed,us,us
2019-07-01T03:24:29.188Z,54.9676,164.4278,10,5,mb,,114,3.926,0.68,us,us700047vf,2019-07-01T03:43:47.040Z,"103km WSW of Nikol'skoye, Russia",earthquake,9.9,1.8,0.026,458,reviewed,us,us
2019-07-01T02:51:01.567Z,69.5779,-144.2006,0.1,2.9,ml,,,,0.73,ak,ak0198d1ayq2,2019-07-03T04:38:51.040Z,"65km SSW of Kaktovik, Alaska",earthquake,,0.8,,,automatic,ak,ak
2019-07-01T02:46:13.060Z,52.6444,160.6723,31.81,4.5,mb,,89,1.284,0.93,us,us700047v9,2019-07-01T03:15:07.040Z,"143km ESE of Petropavlovsk-Kamchatskiy, Russia",earthquake,9.4,5.1,0.076,51,reviewed,us,us
2019-07-01T01:21:19.680Z,19.443,-65.4808,66,3.52,md,13,325,1.2842,0.29,pr,pr2019182001,2019-07-03T03:42:23.040Z,"114km NNE of Vieques, Puerto Rico",earthquake,2.97,8.26,0.34,10,reviewed,pr,pr
2019-07-01T01:14:03.775Z,39.3213,71.6055,10,5,mb,,64,0.223,0.72,us,us700047un,2019-07-01T01:40:33.040Z,"11km NE of Karakenja, Tajikistan",earthquake,6.7,1.8,0.034,274,reviewed,us,us
2019-07-01T01:05:38.930Z,19.5611,-65.3245,72,3.48,md,13,322,1.4642,0.5,pr,pr2019182002,2019-07-03T03:42:39.040Z,"124km NNE of Vieques, Puerto Rico",earthquake,4.92,14.06,0.3,12,reviewed,pr,pr
2019-07-01T01:04:21.029Z,38.2332,141.8562,47.21,4.5,mb,,130,0.917,1.23,us,us700047ud,2019-07-01T02:06:35.040Z,"52km ESE of Ishinomaki, Japan",earthquake,6.8,8.1,0.105,27,reviewed,us,us
2019-07-01T00:59:25.170Z,19.0963,-65.607,103,3,md,6,316,0.9844,0.38,pr,pr2019182000,2019-07-01T07:06:54.694Z,"78km NNE of Vieques, Puerto Rico",earthquake,6.96,7.81,0.46,6,reviewed,pr,pr
2019-07-01T00:48:43.740Z,-31.5741,-68.1945,112.96,4.6,mb,,49,0.419,1.22,us,us700047u7,2019-07-01T02:24:27.411Z,"11km NE of Caucete, Argentina",earthquake,7.6,8.3,0.141,15,reviewed,us,us
2019-07-01T00:43:31.230Z,19.3391667,-155.1338333,6.36,2.63,ml,60,115,0.04614,0.11,hv,hv71017736,2019-07-02T03:01:30.040Z,"14km SE of Volcano, Hawaii",earthquake,0.3,0.36,0.142,34,reviewed,hv,hv
2019-07-01T00:43:02.042Z,52.4632,-167.7917,34.48,3.1,ml,,223,0.823,0.48,us,us7000482p,2019-07-01T21:53:35.040Z,"89km SE of Nikolski, Alaska",earthquake,3.5,9.9,0.085,18,reviewed,us,us
2019-07-01T00:37:36.635Z,41.2179,142.1197,47.31,5.1,mww,,39,0.906,0.96,us,us700047tx,2019-07-01T02:06:36.001Z,"76km E of Mutsu, Japan",earthquake,5.4,4.6,0.073,18,reviewed,us,us
2019-07-01T00:33:10.030Z,-21.5403,-68.5078,161.79,4.2,mb,,49,0.728,0.58,us,us700047tw,2019-07-01T00:46:25.040Z,"111km NNE of Calama, Chile",earthquake,6.6,6.7,0.187,8,reviewed,us,us
2019-07-01T00:00:36.284Z,56.2144,163.8954,10,4.4,mb,,79,4.417,0.69,us,us700047th,2019-07-01T00:31:57.040Z,"87km E of Ust'-Kamchatsk Staryy, Russia",earthquake,10.2,1.9,0.042,165,reviewed,us,us
2019-06-30T23:51:24.320Z,18.0845,-68.3713,99,3.21,md,10,234,0.9412,0.57,pr,pr2019181035,2019-07-01T21:59:17.040Z,"37km SSE of Boca de Yuma, Dominican Republic",earthquake,5.18,4.55,0.29,10,reviewed,pr,pr
2019-06-30T23:43:36.868Z,37.7874,-114.3137,3.1,4.2,ml,74,88.57,0.213,0.162,nn,nn00688850,2019-07-02T02:59:58.040Z,"19km SE of Pioche, Nevada",earthquake,,0.8,0.41,24,reviewed,nn,nn
2019-06-30T23:34:53.459Z,14.3537,-92.8688,10,4.8,mwr,,117,1.149,0.81,us,us700047t5,2019-07-01T00:11:47.040Z,"63km SW of Puerto Madero, Mexico",earthquake,3.7,1.8,0.089,12,reviewed,us,us
2019-06-30T23:34:11.310Z,19.2643,-65.3176,72,2.72,md,6,328,1.2415,0.21,pr,pr2019181034,2019-07-01T22:01:57.040Z,"128km NNE of Vieques, Puerto Rico",earthquake,4.16,8.34,0.45,4,reviewed,pr,pr
2019-06-30T23:18:11.034Z,-17.3357,-69.2821,167.21,4.4,mb,,88,0.315,1.21,us,us700047t1,2019-06-30T23:43:37.040Z,"81km E of Chuquitira, Peru",earthquake,8.8,7.3,0.07,59,reviewed,us,us
2019-06-30T23:11:58.699Z,69.4822,-144.2704,7.2,3.5,ml,,,,0.67,ak,ak0198bq19sf,2019-07-02T02:58:00.040Z,"76km SSW of Kaktovik, Alaska",earthquake,,0.2,,,reviewed,ak,ak
2019-06-30T22:26:40.756Z,-31.304,-68.8226,112.36,4.2,mwr,,69,0.268,0.95,us,us700047sp,2019-06-30T22:55:45.743Z,"28km NNW of Zonda, Argentina",earthquake,6.6,1.9,0.083,14,reviewed,us,us
2019-06-30T17:45:53.070Z,66.3442,-157.5814,15.7,3.2,ml,,,,0.9,ak,ak0198bmnxwi,2019-06-30T22:28:41.785Z,"70km SSW of Kobuk, Alaska",earthquake,,0.5,,,automatic,ak,ak
2019-06-30T15:30:23.953Z,15.2436,-60.8196,112.25,4.1,ml,,162,0.469,0.27,us,us700047sf,2019-06-30T21:41:45.351Z,"47km ESE of La Plaine, Dominica",earthquake,7.3,8.2,0.071,26,reviewed,us,us
2019-06-30T15:25:09.850Z,18.6468,-64.7911,37,3.01,md,15,336,1.172,0.76,pr,pr2019181026,2019-06-30T19:36:06.564Z,"31km NW of Road Town, British Virgin Islands",earthquake,5.6,28.9,0.42,12,reviewed,pr,pr
2019-06-30T15:00:10.483Z,69.6802,-145.0685,0,2.7,ml,,,,1.09,ak,ak0198bl7cax,2019-06-30T15:22:07.040Z,"86km SW of Kaktovik, Alaska",earthquake,,0.9,,,automatic,ak,ak
2019-06-30T14:53:25.680Z,19.4521,-65.2938,69,2.89,md,12,319,1.3894,0.65,pr,pr2019181025,2019-06-30T17:20:27.040Z,"136km NNW of Charlotte Amalie, U.S. Virgin Islands",earthquake,8.36,22.2,0.32,9,reviewed,pr,pr
2019-06-30T14:21:39.346Z,51.4384,-176.9797,56.63,4.7,mb,,184,0.428,0.76,us,us700047pz,2019-06-30T22:44:55.143Z,"53km SSW of Adak, Alaska",earthquake,8.1,8.1,0.028,381,reviewed,us,us
2019-06-30T12:28:31.499Z,61.5024,-149.7656,51.4,3.1,ml,,,,0.54,ak,ak0198bjl32p,2019-07-01T12:30:37.842Z,"9km W of Knik-Fairview, Alaska",earthquake,,0.1,,,reviewed,ak,ak
2019-06-30T10:32:55.999Z,46.8839,-112.5508,11.08,2.7,ml,,103,0.101,0.85,us,us700047nc,2019-06-30T23:13:45.234Z,"12km SE of Lincoln, Montana",earthquake,2.3,5.7,0.091,16,reviewed,us,us
2019-06-30T09:47:51.810Z,19.7995,-65.2645,58,3.34,md,8,331,1.7007,0.32,pr,pr2019181024,2019-06-30T14:44:55.429Z,"163km NNE of Vieques, Puerto Rico",earthquake,4.86,20.69,0.3,7,reviewed,pr,pr
2019-06-30T08:56:27.111Z,-5.547,147.1882,194.05,4.6,mb,,35,3.485,0.84,us,us700047mp,2019-06-30T09:16:21.040Z,"131km N of Lae, Papua New Guinea",earthquake,8.5,7.1,0.039,196,reviewed,us,us
2019-06-30T08:55:39.360Z,19.5423,-65.2706,49,2.73,md,8,330,1.4771,0.37,pr,pr2019181023,2019-06-30T14:44:34.677Z,"137km NNW of Charlotte Amalie, U.S. Virgin Islands",earthquake,4.59,22.33,0.2,6,reviewed,pr,pr
2019-06-30T08:54:21.900Z,19.068,-67.8078,33,3.02,md,9,331,0.9196,0.35,pr,pr2019181022,2019-06-30T14:43:43.850Z,"82km NE of Punta Cana, Dominican Republic",earthquake,2.91,21.55,0.03,9,reviewed,pr,pr
2019-06-30T07:41:05.864Z,-17.2051,-69.5241,168.03,4.3,mb,,91,0.384,0.8,us,us700047m2,2019-06-30T08:46:11.040Z,"56km E of Chuquitira, Peru",earthquake,7.1,3.9,0.108,24,reviewed,us,us
2019-06-30T07:14:10.304Z,-18.0079,-178.5919,641.95,4.2,mb,,74,3.206,0.81,us,us700047lv,2019-06-30T11:31:24.040Z,"278km SE of Lambasa, Fiji",earthquake,15.7,9.9,0.074,51,reviewed,us,us
2019-06-30T06:53:46.824Z,43.3234,142.2935,166.22,4.5,mb,,99,0.824,0.7,us,us700047ln,2019-06-30T07:15:14.040Z,"7km WSW of Shimo-furano, Japan",earthquake,7.1,5.8,0.036,221,reviewed,us,us
2019-06-30T06:37:54.020Z,18.436,-68.8531,113,4.5,ml,22,168,0.9172,0.77,pr,pr2019181008,2019-06-30T07:50:36.499Z,"16km SW of Salvaleon de Higuey, Dominican Republic",earthquake,4.11,3.37,0.33,19,reviewed,pr,pr
2019-06-30T05:50:59.692Z,-31.5352,-71.5026,41.06,4.5,mb,,146,0.542,0.34,us,us700047l0,2019-06-30T10:36:35.217Z,"33km WNW of Illapel, Chile",earthquake,5.1,6.1,0.091,36,reviewed,us,us
2019-06-30T05:10:24.420Z,19.719,-65.312,71,2.92,md,5,333,1.6657,0.17,pr,pr2019181017,2019-06-30T10:28:04.040Z,"163km NNE of Vieques, Puerto Rico",earthquake,3.86,13,0.39,4,reviewed,pr,pr
2019-06-30T04:17:37.510Z,19.6256,-65.2868,78,3.29,md,4,329,1.5864,0.27,pr,pr2019181014,2019-07-02T21:36:57.040Z,"127km NNE of Vieques, Puerto Rico",earthquake,6.57,16.129,0.1,3,reviewed,pr,pr
2019-06-30T04:13:44.440Z,19.5706,-65.179,71,2.64,md,5,332,1.5777,0.26,pr,pr2019181012,2019-07-02T21:11:40.040Z,"125km NNE of Vieques, Puerto Rico",earthquake,5.36,16.49,0.15,4,reviewed,pr,pr
2019-06-30T04:01:47.060Z,19.6911,-65.2436,112,3.84,md,18,301,1.6173,0.37,pr,pr2019181004,2019-06-30T04:48:21.040Z,"159km NNW of Charlotte Amalie, U.S. Virgin Islands",earthquake,4.57,8.67,0.38,17,reviewed,pr,pr
2019-06-30T03:48:04.761Z,69.6527,-144.9939,0,3.1,ml,,,,0.81,ak,ak0198becexd,2019-06-30T03:57:02.609Z,"75km SW of Kaktovik, Alaska",earthquake,,0.9,,,automatic,ak,ak
2019-06-30T03:10:37.810Z,18.957,-64.6936,34,3.36,md,13,335,1.4137,0.21,pr,pr2019181005,2019-07-02T21:04:13.040Z,"60km N of Road Town, British Virgin Islands",earthquake,1.81,12.97,0.32,13,reviewed,pr,pr
2019-06-30T02:09:30.598Z,55.8258,-158.4497,54.6,3,ml,,,,0.68,ak,ak0198bdiodz,2019-06-30T02:24:27.040Z,"51km SSE of Chignik Lake, Alaska",earthquake,,1.1,,,automatic,ak,ak
2019-06-30T01:53:52.710Z,19.24,-65.1483,8,2.64,md,16,322,1.3024,0.35,pr,pr2019181003,2019-07-02T20:56:56.040Z,"102km N of Charlotte Amalie, U.S. Virgin Islands",earthquake,13.09,18.58,0.28,12,reviewed,pr,pr
2019-06-30T01:50:42.470Z,19.2611,-65.0546,6,4,md,23,218,1.3722,0.4,pr,pr2019181002,2019-06-30T18:46:35.309Z,"88km N of Culebra, Puerto Rico",earthquake,2.79,2.09,0.22,16,reviewed,pr,pr
2019-06-30T01:42:24.749Z,50.237,-176.9124,10,4.3,mb,,212,1.653,0.87,us,us700047jl,2019-06-30T17:28:09.646Z,"183km S of Adak, Alaska",earthquake,6.1,2,0.047,126,reviewed,us,us
2019-06-30T01:18:42.936Z,39.7711,54.592,33.6,4.4,mb,,116,7.577,1.16,us,us700047jd,2019-06-30T19:36:34.667Z,"34km NNE of Balkanabat, Turkmenistan",earthquake,9.4,6.9,0.107,25,reviewed,us,us
2019-06-30T01:13:41.033Z,36.3454,140.9916,35,4.5,mb,,201,1.529,0.6,us,us700047jh,2019-06-30T01:48:35.040Z,"35km E of Oarai, Japan",earthquake,8.8,2,0.163,11,reviewed,us,us
2019-06-29T23:03:03.686Z,-1.8841,-12.981,10,4.9,mb,,47,6.163,0.98,us,us700047ih,2019-06-29T23:24:10.040Z,"North of Ascension Island",earthquake,9.7,1.9,0.055,105,reviewed,us,us
2019-06-29T22:26:01.047Z,-18.6983,-172.8964,10,4.9,mb,,73,2.836,1.67,us,us700047hx,2019-06-29T22:47:15.040Z,"114km E of Neiafu, Tonga",earthquake,5,1.9,0.097,33,reviewed,us,us
2019-06-29T22:01:22.381Z,69.3307,-144.3415,0,2.5,ml,,,,0.85,ak,ak0198a1u8zk,2019-06-29T22:16:49.040Z,"64km SSW of Kaktovik, Alaska",earthquake,,0.6,,,automatic,ak,ak
2019-06-29T21:28:04.670Z,18.85,-64.3738,22,3.44,md,17,340,1.6361,0.44,pr,pr2019180008,2019-06-30T00:45:08.480Z,"54km NNE of Road Town, British Virgin Islands",earthquake,4.24,32.24,0.25,14,reviewed,pr,pr
2019-06-29T20:31:12.883Z,13.1643,144.9596,47.53,4.6,mb,,62,0.431,0.96,us,us700047gv,2019-07-01T03:16:49.331Z,"25km ESE of Inarajan Village, Guam",earthquake,7.6,6.2,0.058,89,reviewed,us,us
2019-06-29T20:14:43.600Z,-18.5438,-69.3857,126.22,4.9,mb,,78,0.923,0.92,us,us700047gj,2019-06-30T01:39:44.713Z,"42km SSE of Putre, Chile",earthquake,5.5,5.4,0.032,299,reviewed,us,us
2019-06-29T20:05:12.800Z,14.8337,-93.7732,39.67,4.5,mb,,162,2.034,0.81,us,us700047gc,2019-06-29T21:47:37.040Z,"112km SSW of Pijijiapan, Mexico",earthquake,7.3,10.1,0.046,139,reviewed,us,us
2019-06-29T19:59:24.714Z,-1.5162,-12.3506,10,4.9,mb,,73,11.049,0.87,us,us700047ga,2019-06-29T20:22:27.040Z,"North of Ascension Island",earthquake,12,1.9,0.086,42,reviewed,us,us
2019-06-29T19:51:20.892Z,-1.7531,-13.0395,10,5,mb,,49,6.278,1.05,us,us700047g7,2019-07-03T18:37:58.040Z,"North of Ascension Island",earthquake,10.7,1.9,0.068,69,reviewed,us,us
2019-06-29T19:46:36.750Z,-56.2781,-27.2372,104.96,5.3,mb,,90,5.652,0.79,us,us700047fz,2019-06-29T20:02:09.040Z,"47km N of Visokoi Island, South Georgia and the South Sandwich Islands",earthquake,11.5,7,0.077,57,reviewed,us,us
2019-06-29T19:44:10.531Z,22.2807,122.5072,10,5.2,mww,,60,1.423,0.99,us,us700047fu,2019-06-30T02:57:43.118Z,"149km ESE of Taitung City, Taiwan",earthquake,6.4,1.9,0.069,20,reviewed,us,us
2019-06-29T19:36:42.794Z,-8.8913,158.1824,10,5.1,mb,,56,1.825,1.02,us,us700047fr,2019-06-29T19:56:53.040Z,"132km SW of Dadali, Solomon Islands",earthquake,11.4,1.8,0.038,230,reviewed,us,us
2019-06-29T19:23:55.842Z,56.2433,164.5192,10,4.2,mb,,111,4.693,0.81,us,us700047fd,2019-06-30T02:35:53.040Z,"126km E of Ust'-Kamchatsk Staryy, Russia",earthquake,6.7,1.9,0.098,29,reviewed,us,us
2019-06-29T19:03:27.460Z,18.2673,-65.614,97,2.67,md,5,322,0.4714,0.36,pr,pr2019180007,2019-06-30T00:44:28.672Z,"3km E of Ceiba, Puerto Rico",earthquake,7.55,4.93,0,1,reviewed,pr,pr
2019-06-29T19:00:07.383Z,9.7129,125.0903,48.15,5,mww,,96,2.67,0.73,us,us700047eq,2019-07-01T11:33:38.852Z,"30km SW of Pintuyan, Philippines",earthquake,8.6,4.8,0.089,12,reviewed,us,us
2019-06-29T17:37:23.124Z,60.2103,-152.4663,94.3,2.5,ml,,,,0.56,ak,ak01989z2tfa,2019-07-02T16:38:05.040Z,"34km SSE of Redoubt Volcano, Alaska",earthquake,,0.3,,,automatic,ak,ak
2019-06-29T17:14:27.441Z,-8.9376,158.7076,1,4.6,mb,,81,1.321,0.65,us,us700047dy,2019-07-02T15:57:36.040Z,"104km SSW of Dadali, Solomon Islands",earthquake,8.3,4.7,0.073,61,reviewed,us,us
2019-06-29T16:20:05.678Z,24.9809,122.1735,159.3,4.5,mb,,81,0.613,0.89,us,us700047d9,2019-06-29T16:34:56.040Z,"46km ESE of Keelung, Taiwan",earthquake,7.2,7.7,0.108,25,reviewed,us,us
2019-06-29T15:56:21.358Z,67.6167,-156.6581,0,2.7,ml,,,,0.64,ak,ak01989y00or,2019-06-29T18:46:03.040Z,"79km N of Kobuk, Alaska",earthquake,,0.7,,,automatic,ak,ak
2019-06-29T13:20:48.020Z,-31.466,-69.521,116.9,4.5,mb,,92,0.719,1.04,us,us700047ap,2019-06-29T14:48:18.040Z,"18km SW of Calingasta, Argentina",earthquake,7.1,6.1,0.104,27,reviewed,us,us
2019-06-29T13:20:21.388Z,33.6143,82.5546,10,4.6,mb,,100,6.721,1.26,us,us700047ar,2019-06-29T21:23:03.886Z,"191km NE of Napug, China",earthquake,4.8,1.9,0.054,103,reviewed,us,us
2019-06-29T13:11:42.084Z,56.079,-149.4929,10.1,2.5,ml,,,,0.73,ak,ak01989wjqqj,2019-06-29T20:56:35.910Z,"260km SE of Kodiak, Alaska",earthquake,,6.5,,,reviewed,ak,ak
2019-06-29T13:10:38.270Z,19.1716,-65.3605,59,2.74,md,5,326,1.1395,0.24,pr,pr2019180005,2019-06-29T15:18:20.522Z,"96km NNE of Luquillo, Puerto Rico",earthquake,5.42,14.34,0.37,4,reviewed,pr,pr
2019-06-29T13:01:17.265Z,40.4419,20.7188,10,4.7,mb,,61,0.609,1.26,us,us700047af,2019-07-02T10:53:46.546Z,"12km NNE of Erseke, Albania",earthquake,2.2,1.9,0.133,17,reviewed,us,us
2019-06-29T11:45:10.597Z,44.4066,-129.5417,10,3.1,ml,,213,4.011,0.6,us,us7000479l,2019-06-30T01:57:30.377Z,"Off the coast of Oregon",earthquake,3.1,2,0.054,45,reviewed,us,us
2019-06-29T10:01:13.615Z,45.2033,149.6582,90.98,4.4,mb,,173,5.11,0.66,us,us7000478q,2019-06-29T10:28:13.040Z,"139km E of Kuril'sk, Russia",earthquake,8.2,9,0.054,100,reviewed,us,us
2019-06-29T09:07:46.561Z,36.4251,-113.8236,9.45,3.5,mwr,,24,0.748,0.99,us,us7000478b,2019-06-30T09:08:35.114Z,"47km SSE of Mesquite, Nevada",earthquake,3,8.9,0.033,88,reviewed,us,us
2019-06-29T08:48:42.628Z,66.3389,-157.562,12.2,3,ml,,,,0.88,ak,ak01989tsbao,2019-06-29T09:02:15.032Z,"70km SSW of Kobuk, Alaska",earthquake,,0.6,,,automatic,ak,ak
2019-06-29T08:08:27.910Z,8.316,126.8058,52.29,5,mb,,107,1.735,0.6,us,us7000477y,2019-06-29T21:31:39.339Z,"44km ENE of Barcelona, Philippines",earthquake,9.5,7.9,0.066,72,reviewed,us,us
2019-06-29T07:58:59.509Z,36.3965,-113.8115,16.42,3.8,mwr,,37,0.765,0.73,us,us7000477q,2019-07-01T00:01:49.379Z,"49km NNE of Meadview, Arizona",earthquake,2.6,1,0.031,101,reviewed,us,us
2019-06-29T06:57:49.792Z,42.6925,146.086,44.42,4.3,mb,,173,2.274,1,us,us7000477g,2019-06-29T08:56:58.040Z,"81km SSE of Nemuro, Japan",earthquake,11.8,6.5,0.138,15,reviewed,us,us
2019-06-29T06:57:46.610Z,19.3488,-66.3413,36,2.88,md,10,306,0.8918,0.28,pr,pr2019180003,2019-06-29T09:06:06.040Z,"98km N of Brenas, Puerto Rico",earthquake,1.87,11.32,0.25,10,reviewed,pr,pr
2019-06-29T06:47:04.353Z,-8.2293,108.9802,81.44,5.1,mb,,123,1.559,0.81,us,us7000477c,2019-06-29T07:05:38.040Z,"58km S of Karangbadar Kidul, Indonesia",earthquake,9.6,7.6,0.086,44,reviewed,us,us
2019-06-29T06:30:09.117Z,-31.7131,-69.5003,118.14,4.4,mb,,82,0.715,0.83,us,us70004774,2019-06-29T06:59:48.711Z,"43km SSW of Calingasta, Argentina",earthquake,6.5,6.2,0.103,27,reviewed,us,us
2019-06-29T06:05:36.877Z,60.1868,-153.8882,186.8,2.8,ml,,,,0.78,ak,ak01989sc7xj,2019-06-29T09:12:02.040Z,"72km NE of Old Iliamna, Alaska",earthquake,,0.2,,,automatic,ak,ak
2019-06-29T05:02:30.137Z,8.1755,126.6718,50.95,4.5,mb,,114,1.542,0.66,us,us7000476s,2019-06-29T06:01:42.040Z,"26km E of Barcelona, Philippines",earthquake,12.9,6.8,0.101,29,reviewed,us,us
2019-06-29T05:00:23.118Z,-16.0503,-74.2496,35,4.8,mb,,144,4.39,0.48,us,us7000476b,2019-06-29T06:11:53.777Z,"78km SSE of Acari, Peru",earthquake,9.6,2,0.081,47,reviewed,us,us
2019-06-29T04:57:03.677Z,-30.1916,-71.3462,55.72,4.5,mb,,133,0.287,0.75,us,us7000476a,2019-06-29T14:02:48.393Z,"26km S of Coquimbo, Chile",earthquake,2.2,7.3,0.243,5,reviewed,us,us
2019-06-29T04:55:38.927Z,55.9385,-149.7906,10,3.1,ml,,215,2.323,0.42,us,us70004769,2019-06-29T05:10:53.040Z,"260km SE of Kodiak, Alaska",earthquake,5.3,2,0.059,38,reviewed,us,us
2019-06-29T04:16:11.734Z,55.8572,164.1338,10,4.1,mb,,231,19.483,0.93,us,us70004760,2019-06-29T04:44:05.040Z,"111km ESE of Ust'-Kamchatsk Staryy, Russia",earthquake,9.7,2,0.09,34,reviewed,us,us
2019-06-29T03:36:44.093Z,-6.2172,131.7421,53.91,4.4,mb,,116,1.808,0.75,us,us7000475n,2019-06-29T04:03:07.040Z,"127km WSW of Tual, Indonesia",earthquake,6.1,9.3,0.138,15,reviewed,us,us
2019-06-29T03:26:23.890Z,19.407,-155.6181667,43.15,2.54,ml,53,76,0.009856,0.2,hv,hv71014841,2019-07-03T19:51:40.530Z,"27km E of Honaunau-Napoopoo, Hawaii",earthquake,0.64,0.57,0.096,42,reviewed,hv,hv
2019-06-29T01:57:21.069Z,60.0807,-152.9482,103.6,2.9,ml,,,,0.63,ak,ak01989po625,2019-07-02T19:41:06.684Z,"46km SSW of Redoubt Volcano, Alaska",earthquake,,0.3,,,automatic,ak,ak
2019-06-29T01:06:32.966Z,-14.5678,-76.6635,10,4.6,mb,,180,2.57,1.06,us,us7000474i,2019-06-29T01:55:39.933Z,"88km SSW of Paracas, Peru",earthquake,6.9,1.9,0.165,11,reviewed,us,us
2019-06-29T01:04:05.652Z,56.3047,163.9927,10,4.8,mb,,117,4.519,1.17,us,us7000474h,2019-06-29T01:26:11.040Z,"94km E of Ust'-Kamchatsk Staryy, Russia",earthquake,10.7,1.9,0.027,435,reviewed,us,us
2019-06-29T00:57:15.110Z,19.4271,-67.5996,28,2.94,md,7,342,1.0767,0.43,pr,pr2019180006,2019-06-29T21:25:09.040Z,"113km NE of Punta Cana, Dominican Republic",earthquake,5.52,30.93,0.17,4,reviewed,pr,pr
2019-06-28T23:03:06.142Z,43.436,11.1361,10.14,2.9,ml,,68,0.118,0.66,us,us7000472y,2019-06-30T00:20:06.228Z,"2km N of Colle di Val d'Elsa, Italy",earthquake,4.4,4,0.057,40,reviewed,us,us
2019-06-28T22:29:24.141Z,8.4638,126.5247,91.42,4.4,mb,,128,9.276,0.44,us,us70004732,2019-06-28T23:26:02.040Z,"23km ENE of Hinatuan, Philippines",earthquake,13.4,9.1,0.067,64,reviewed,us,us
2019-06-28T18:47:03.010Z,18.9216,-64.426,56,3.26,md,7,344,1.6224,0.24,pr,pr2019179003,2019-06-29T16:56:04.040Z,"51km NE of Road Town, British Virgin Islands",earthquake,4.85,15.11,0.2,5,reviewed,pr,pr
2019-06-28T18:30:57.824Z,66.3245,-157.476,6.6,2.8,ml,,,,0.62,ak,ak01988c3h5f,2019-06-29T16:51:29.040Z,"70km SSW of Kobuk, Alaska",earthquake,,0.5,,,automatic,ak,ak
2019-06-28T18:14:25.730Z,-12.5764,166.0848,10,5.1,mb,,46,6.784,0.92,us,us700046ut,2019-06-29T18:21:16.040Z,"207km S of Lata, Solomon Islands",earthquake,8.7,1.8,0.049,135,reviewed,us,us
2019-06-28T18:07:33.840Z,-1.9304,122.5986,35,4.9,mb,,54,0.899,0.72,us,us700046ub,2019-06-29T15:39:01.040Z,"110km S of Luwuk, Indonesia",earthquake,5.6,2,0.055,104,reviewed,us,us
2019-06-28T16:46:47.809Z,66.3247,-157.4492,7.8,3.2,ml,,,,0.7,ak,ak01988b00mo,2019-06-28T16:57:06.196Z,"69km SSW of Kobuk, Alaska",earthquake,,0.9,,,automatic,ak,ak
2019-06-28T15:51:31.396Z,19.8856,144.4063,410.03,6.4,mww,,34,4.803,0.82,us,us700046la,2019-06-29T18:12:03.040Z,"88km SW of Farallon de Pajaros, Northern Mariana Islands",earthquake,9.9,6,0.043,53,reviewed,us,us
2019-06-28T15:11:53.377Z,55.0919,164.6681,10,4.3,mb,,168,4.107,1.1,us,us700046kb,2019-06-28T18:25:01.040Z,"85km W of Nikol'skoye, Russia",earthquake,15.6,2,0.057,89,reviewed,us,us
2019-06-28T14:44:53.249Z,60.4367,-138.6631,4.7,2.5,ml,,,,0.91,ak,ak019889sqf8,2019-06-28T14:51:17.890Z,"72km WSW of Haines Junction, Canada",earthquake,,0.5,,,automatic,ak,ak
2019-06-28T13:21:02.434Z,65.0392,-164.0708,9.4,2.9,ml,,,,0.68,ak,ak01988929gd,2019-06-28T13:26:07.606Z,"87km NE of Nome, Alaska",earthquake,,0.3,,,automatic,ak,ak
2019-06-28T11:30:23.709Z,55.0431,163.9153,10,4.1,mb,,138,3.705,0.66,us,us700046i8,2019-06-28T12:43:03.040Z,"133km W of Nikol'skoye, Russia",earthquake,6.9,2,0.079,44,reviewed,us,us
2019-06-28T11:22:21.350Z,19.5568,-65.437,85,2.98,md,9,316,1.4735,0.29,pr,pr2019179001,2019-06-28T17:04:22.722Z,"132km NNE of Vieques, Puerto Rico",earthquake,5.22,11.12,0.01,3,reviewed,pr,pr
2019-06-28T11:17:31.734Z,8.4069,-82.8409,22.89,4.4,mb,,82,0.413,0.81,us,us700046i1,2019-06-29T02:56:34.271Z,"3km NE of Finca Blanco Numero Uno, Panama",earthquake,5.6,6.4,0.067,64,reviewed,us,us
2019-06-28T09:24:08.860Z,37.5135,-118.7958333,6.01,2.75,md,32,116,0.06561,0.05,nc,nc73203191,2019-06-30T08:02:29.508Z,"12km WSW of Toms Place, CA",earthquake,0.21,0.62,0.204,45,reviewed,nc,nc
2019-06-28T08:30:42.866Z,-29.3884,-70.916,81.42,5,mww,,89,0.42,0.72,us,us700046ge,2019-06-29T12:21:40.617Z,"66km NNE of La Serena, Chile",earthquake,6.6,4.2,0.061,26,reviewed,us,us
2019-06-28T07:39:53.710Z,19.4121666,-155.2940063,-0.07,2.6,ml,17,78,0.007904,0.2,hv,hv71013771,2019-06-28T07:45:33.560Z,"6km WSW of Volcano, Hawaii",earthquake,0.22,0.3,0.5,16,automatic,hv,hv
2019-06-28T07:04:22.443Z,8.2629,126.0562,35,4.7,mb,,109,1.276,0.88,us,us700046fs,2019-06-28T07:51:43.040Z,"12km NE of Bunawan, Philippines",earthquake,10.9,2,0.063,77,reviewed,us,us
2019-06-28T06:48:47.422Z,3.8487,-78.7451,10,4.7,mb,,131,3.599,0.91,us,us700046fu,2019-06-28T12:33:29.040Z,"151km NNW of Mosquera, Colombia",earthquake,5.9,1.9,0.123,20,reviewed,us,us
2019-06-28T06:42:09.820Z,43.97,-110.2241667,8.23,2.71,ml,38,167,0.17,0.36,mb,mb80350069,2019-06-29T14:54:43.730Z,"68km NW of Dubois, Wyoming",earthquake,0.83,1.27,0.363,23,reviewed,mb,mb
2019-06-28T06:16:58.710Z,35.78783333,-96.69133333,7.38,2.53,ml,99,88,0,0.22,ok,ok2019mnrz,2019-06-28T14:22:24.839Z,"4km NNW of Stroud, Oklahoma",earthquake,,0.5,0.24,42,reviewed,ok,ok
2019-06-28T05:29:52.514Z,-22.4517,-65.9671,257.7,4.2,mb,,63,2.102,0.7,us,us700046ey,2019-06-28T13:32:20.751Z,"40km NW of Abra Pampa, Argentina",earthquake,9.4,3.9,0.186,8,reviewed,us,us
2019-06-28T05:16:12.230Z,36.4982,70.205,211.89,4.2,mb,,88,1.554,0.64,us,us700046es,2019-06-28T05:32:27.040Z,"32km ESE of Farkhar, Afghanistan",earthquake,6.6,8,0.084,40,reviewed,us,us
2019-06-28T04:30:34.275Z,29.9449,142.9444,10,4.7,mb,,162,2.916,1.3,us,us700046e4,2019-06-28T04:59:06.040Z,"Izu Islands, Japan region",earthquake,6.8,1.9,0.147,14,reviewed,us,us
2019-06-28T04:20:11.403Z,31.6312,-104.2822,5,2.7,mb_lg,,99,0.369,0.61,us,us700046dz,2019-06-28T04:30:21.040Z,"65km W of Mentone, Texas",earthquake,2.2,1.9,0.085,58,reviewed,us,us
2019-06-28T03:37:53.820Z,18.8646,-67.3486,7,2.71,md,4,315,0.4627,0.18,pr,pr2019179000,2019-06-28T07:50:28.804Z,"48km NNW of San Antonio, Puerto Rico",earthquake,1.83,2.15,0.33,3,reviewed,pr,pr
2019-06-28T02:18:14.959Z,52.368,-174.0081,148.78,3.7,ml,,146,0.203,0.34,us,us700046n3,2019-06-28T21:09:43.040Z,"23km NE of Atka, Alaska",earthquake,12.4,4.9,0.115,10,reviewed,us,us
2019-06-28T02:07:43.607Z,13.6617,-91.8201,35,4.1,mb,,254,0.866,0.74,us,us700046df,2019-06-28T02:33:27.040Z,"71km S of Champerico, Guatemala",earthquake,5.7,2,0.073,52,reviewed,us,us
2019-06-28T01:16:34.059Z,47.702,-69.9963,17.67,2.8,mb_lg,,116,0.27,0.4,us,us7000477l,2019-06-29T07:48:12.040Z,"12km ENE of La Malbaie, Canada",earthquake,2.8,2.1,,,reviewed,us,ott
2019-06-28T00:28:45.729Z,1.8092,127.3981,106.53,4.5,mb,,111,1.03,0.63,us,us700046cw,2019-06-28T00:46:17.040Z,"68km W of Tobelo, Indonesia",earthquake,10,7.7,0.103,28,reviewed,us,us
2019-06-27T23:37:58.937Z,-17.5794,-69.9096,164.5,4,mb,,101,0.409,0.85,us,us700046cf,2019-06-27T23:58:13.040Z,"17km SE of Tarata, Peru",earthquake,6.7,8.8,0.156,11,reviewed,us,us
2019-06-27T21:47:52.420Z,19.6563,-65.4831,74,2.64,md,8,331,1.5577,0.17,pr,pr2019178009,2019-06-28T01:58:11.040Z,"124km NNE of Vieques, Puerto Rico",earthquake,3.96,12.1,0.49,2,reviewed,pr,pr
2019-06-27T20:58:24.977Z,-20.734,-173.8936,10,5.2,mb,,48,4.08,1.67,us,us7000469v,2019-06-27T21:16:48.474Z,"113km SSE of Pangai, Tonga",earthquake,10,1.8,0.044,170,reviewed,us,us
2019-06-27T20:50:46.750Z,34.0268333,-117.5683333,11.43,3.02,ml,170,15,0.02287,0.19,ci,ci38433919,2019-07-02T23:46:41.861Z,"6km NW of Mira Loma, CA",earthquake,0.1,0.18,0.184,258,reviewed,ci,ci
2019-06-27T20:45:15.742Z,-2.7169,138.4154,10,5,mb,,36,6.162,1.06,us,us7000469g,2019-06-27T21:04:38.040Z,"241km W of Abepura, Indonesia",earthquake,8.6,1.9,0.043,169,reviewed,us,us
2019-06-27T20:24:33.631Z,1.416,127.4231,162.89,4.9,mww,,76,0.642,0.66,us,us7000468p,2019-06-27T20:41:46.040Z,"68km N of Ternate, Indonesia",earthquake,9.3,5.8,0.073,18,reviewed,us,us
2019-06-27T19:55:27.883Z,62.2755,-151.1957,64.1,3.1,ml,,,,0.64,ak,ak01986pauv7,2019-06-27T20:02:26.410Z,"56km W of Talkeetna, Alaska",earthquake,,0.6,,,automatic,ak,ak
2019-06-27T19:29:45.944Z,40.2282,142.2482,54.75,4.4,mb,,173,1.062,0.44,us,us7000466b,2019-06-27T22:22:05.040Z,"70km ESE of Hachinohe, Japan",earthquake,7.6,8.4,0.109,24,reviewed,us,us
2019-06-27T18:44:12.248Z,29.4412,-104.0464,5,2.8,ml,,221,0.347,0.41,us,us7000464u,2019-06-27T19:02:38.040Z,"34km ESE of Presidio, Texas",earthquake,7.1,2,0.181,14,reviewed,us,us
2019-06-27T18:15:45.540Z,17.9765,-68.5058,93,3.24,md,7,244,1.1047,0.49,pr,pr2019178007,2019-06-27T21:43:27.040Z,"105km S of Boca de Yuma, Dominican Republic",earthquake,7.22,8.91,0.15,5,reviewed,pr,pr
2019-06-27T16:12:07.021Z,18.2683,-105.5048,10,4.4,mb,,228,5.256,0.92,us,us700045z8,2019-06-28T18:54:57.040Z,"134km SW of San Patricio, Mexico",earthquake,7.3,2,0.102,30,reviewed,us,us
2019-06-27T16:04:03.960Z,18.747,-65.7626,22,2.55,md,8,290,0.543,0.38,pr,pr2019178006,2019-06-28T18:47:57.040Z,"33km NNE of Vieques, Puerto Rico",earthquake,2.14,23.96,0.51,7,reviewed,pr,pr
2019-06-27T15:44:23.489Z,-2.6168,138.4573,10,4.7,mb,,37,6.208,0.67,us,us700045yk,2019-06-28T18:42:30.040Z,"236km W of Abepura, Indonesia",earthquake,7.8,1.8,0.056,99,reviewed,us,us
2019-06-27T15:39:29.262Z,-21.8857,168.8707,10,4.8,mb,,93,1.504,1.23,us,us700045yf,2019-06-28T17:58:33.040Z,"108km ESE of Tadine, New Caledonia",earthquake,4.6,1.9,0.08,50,reviewed,us,us
2019-06-27T14:14:03.932Z,-20.7121,-178.1998,525.09,4.8,mb,,114,4.609,1.16,us,us700045ww,2019-06-27T22:16:44.658Z,"52km E of Ndoi Island, Fiji",earthquake,12.6,7.3,0.037,230,reviewed,us,us
2019-06-27T12:48:36.577Z,-2.6954,138.2085,19.8,5.1,mb,,71,5.956,1.26,us,us700045wd,2019-06-27T13:20:53.040Z,"246km ENE of Enarotali, Indonesia",earthquake,11.1,4,0.056,103,reviewed,us,us
2019-06-27T11:04:57.020Z,-30.3859,-179.2332,10,6.3,mww,,56,1.605,1.22,us,us700045vh,2019-06-28T16:09:58.040Z,"120km NNW of L'Esperance Rock, New Zealand",earthquake,8.5,1.8,0.073,18,reviewed,us,us
2019-06-27T11:01:20.055Z,51.4509,-176.709,32.1,3.6,ml,,,,0.37,ak,ak01986k7suh,2019-06-27T16:11:51.691Z,"47km S of Adak, Alaska",earthquake,,0.8,,,reviewed,ak,ak
2019-06-27T10:49:56.630Z,37.4538333,-118.729,12.62,2.54,md,31,123,0.1171,0.07,nc,nc73202731,2019-06-28T02:04:48.792Z,"12km WNW of Round Valley, CA",earthquake,0.3,0.87,0.234,34,reviewed,nc,nc
2019-06-27T08:53:55.106Z,-2.7493,138.5965,10,4.7,mb,,126,6.342,0.26,us,us700045tt,2019-06-27T11:46:35.040Z,"221km W of Abepura, Indonesia",earthquake,12.8,1.9,0.137,16,reviewed,us,us
2019-06-27T06:21:20.510Z,32.2795,-115.2263333,27.03,3.24,ml,31,211,0.1294,0.34,ci,ci38432527,2019-07-02T21:53:02.307Z,"8km NW of Alberto Oviedo Mota, B.C., MX",earthquake,0.9,0.59,0.218,63,reviewed,ci,ci
2019-06-27T06:19:51.851Z,38.8556,125.6715,10,3.8,mb_lg,,131,1.567,0.27,us,us700045sm,2019-06-29T00:00:42.427Z,"11km NNE of Songnim, North Korea",earthquake,6.3,2,0.228,5,reviewed,us,us
2019-06-27T06:02:40.678Z,56.2215,164.714,10,4.1,mb,,112,4.762,1.07,us,us700045s7,2019-06-27T06:28:43.040Z,"138km E of Ust'-Kamchatsk Staryy, Russia",earthquake,6.6,1.9,0.117,20,reviewed,us,us
2019-06-27T05:50:16.378Z,69.3115,-143.8109,1.8,2.5,ml,,,,1.04,ak,ak01986gxozw,2019-06-27T06:18:20.040Z,"91km S of Kaktovik, Alaska",earthquake,,2.7,,,automatic,ak,ak
2019-06-27T05:46:23.389Z,-6.2923,125.1115,552.9,4.6,mb,,73,3.54,0.72,us,us700045sf,2019-06-27T06:40:13.040Z,"255km NNW of Dili, East Timor",earthquake,9.7,6.8,0.084,42,reviewed,us,us
2019-06-27T05:31:26.840Z,18.2771,-67.8616,109,2.96,md,14,192,0.3972,0.33,pr,pr2019178003,2019-06-27T09:28:52.040Z,"63km W of Rincon, Puerto Rico",earthquake,2.63,1.6,0.34,14,reviewed,pr,pr
2019-06-27T05:05:23.481Z,-9.4058,117.3244,89.86,4.4,mb,,111,3.269,0.56,us,us700045rj,2019-06-27T05:37:11.040Z,"81km SE of Besisora, Indonesia",earthquake,7.4,7.4,0.12,20,reviewed,us,us
2019-06-27T04:20:48.784Z,56.1951,164.308,10,5.7,mww,,74,4.573,1.04,us,us700045r4,2019-06-28T04:23:55.871Z,"113km E of Ust'-Kamchatsk Staryy, Russia",earthquake,7.5,1.8,0.044,50,reviewed,us,us
2019-06-27T02:35:18.240Z,19.1663,-68.0998,6,3.17,md,8,332,0.9982,0.54,pr,pr2019178001,2019-06-27T05:01:21.692Z,"72km NNE of Punta Cana, Dominican Republic",earthquake,30.57,29.32,0.12,8,reviewed,pr,pr
